<?xml version='1.0' encoding='UTF-8'?>
<faces-config version="2.2"
              xmlns="http://xmlns.jcp.org/xml/ns/javaee"
              xmlns:xsi="http://www.w3.org/2001/XMLSchema-instance"
              xsi:schemaLocation="http://xmlns.jcp.org/xml/ns/javaee http://xmlns.jcp.org/xml/ns/javaee/web-facesconfig_2_2.xsd">
    <application>
        <el-resolver>pack.util.JsfCrudELResolver</el-resolver>
    </application>
    <navigation-rule>
        <from-view-id>*</from-view-id>
        <navigation-case>
            <from-outcome>welcome</from-outcome>
            <to-view-id>/welcomeJSF.jsp</to-view-id>
        </navigation-case>
    </navigation-rule>
    <managed-bean>
        <managed-bean-name>comments</managed-bean-name>
        <managed-bean-class>pack.CommentsController</managed-bean-class>
        <managed-bean-scope>session</managed-bean-scope>
    </managed-bean>
    <managed-bean>
        <managed-bean-name>commentsJpa</managed-bean-name>
        <managed-bean-class>pack.CommentsFacade</managed-bean-class>
        <managed-bean-scope>session</managed-bean-scope>
    </managed-bean>
    <converter>
        <converter-for-class>pack.Comments</converter-for-class>
        <converter-class>pack.CommentsConverter</converter-class>
    </converter>
    <navigation-rule>
        <from-view-id>*</from-view-id>
        <navigation-case>
            <from-outcome>comments_create</from-outcome>
            <to-view-id>/comments/New.jsp</to-view-id>
        </navigation-case>
    </navigation-rule>
    <navigation-rule>
        <from-view-id>*</from-view-id>
        <navigation-case>
            <from-outcome>comments_list</from-outcome>
            <to-view-id>/comments/List.jsp</to-view-id>
        </navigation-case>
    </navigation-rule>
    <navigation-rule>
        <from-view-id>*</from-view-id>
        <navigation-case>
            <from-outcome>comments_edit</from-outcome>
            <to-view-id>/comments/Edit.jsp</to-view-id>
        </navigation-case>
    </navigation-rule>
    <navigation-rule>
        <from-view-id>*</from-view-id>
        <navigation-case>
            <from-outcome>comments_detail</from-outcome>
            <to-view-id>/comments/Detail.jsp</to-view-id>
        </navigation-case>
    </navigation-rule>
    <managed-bean>
        <managed-bean-name>costOfTransport</managed-bean-name>
        <managed-bean-class>pack.CostOfTransportController</managed-bean-class>
        <managed-bean-scope>session</managed-bean-scope>
    </managed-bean>
    <managed-bean>
        <managed-bean-name>costOfTransportJpa</managed-bean-name>
        <managed-bean-class>pack.CostOfTransportFacade</managed-bean-class>
        <managed-bean-scope>session</managed-bean-scope>
    </managed-bean>
    <converter>
        <converter-for-class>pack.CostOfTransport</converter-for-class>
        <converter-class>pack.CostOfTransportConverter</converter-class>
    </converter>
    <navigation-rule>
        <from-view-id>*</from-view-id>
        <navigation-case>
            <from-outcome>costOfTransport_create</from-outcome>
            <to-view-id>/costOfTransport/New.jsp</to-view-id>
        </navigation-case>
    </navigation-rule>
    <navigation-rule>
        <from-view-id>*</from-view-id>
        <navigation-case>
            <from-outcome>costOfTransport_list</from-outcome>
            <to-view-id>/costOfTransport/List.jsp</to-view-id>
        </navigation-case>
    </navigation-rule>
    <navigation-rule>
        <from-view-id>*</from-view-id>
        <navigation-case>
            <from-outcome>costOfTransport_edit</from-outcome>
            <to-view-id>/costOfTransport/Edit.jsp</to-view-id>
        </navigation-case>
    </navigation-rule>
    <navigation-rule>
        <from-view-id>*</from-view-id>
        <navigation-case>
            <from-outcome>costOfTransport_detail</from-outcome>
            <to-view-id>/costOfTransport/Detail.jsp</to-view-id>
        </navigation-case>
    </navigation-rule>
    <managed-bean>
        <managed-bean-name>costsettings</managed-bean-name>
        <managed-bean-class>pack.CostsettingsController</managed-bean-class>
        <managed-bean-scope>session</managed-bean-scope>
    </managed-bean>
    <managed-bean>
        <managed-bean-name>costsettingsJpa</managed-bean-name>
        <managed-bean-class>pack.CostsettingsFacade</managed-bean-class>
        <managed-bean-scope>session</managed-bean-scope>
    </managed-bean>
    <converter>
        <converter-for-class>pack.Costsettings</converter-for-class>
        <converter-class>pack.CostsettingsConverter</converter-class>
    </converter>
    <navigation-rule>
        <from-view-id>*</from-view-id>
        <navigation-case>
            <from-outcome>costsettings_create</from-outcome>
            <to-view-id>/costsettings/New.jsp</to-view-id>
        </navigation-case>
    </navigation-rule>
    <navigation-rule>
        <from-view-id>*</from-view-id>
        <navigation-case>
            <from-outcome>costsettings_list</from-outcome>
            <to-view-id>/costsettings/List.jsp</to-view-id>
        </navigation-case>
    </navigation-rule>
    <navigation-rule>
        <from-view-id>*</from-view-id>
        <navigation-case>
            <from-outcome>costsettings_edit</from-outcome>
            <to-view-id>/costsettings/Edit.jsp</to-view-id>
        </navigation-case>
    </navigation-rule>
    <navigation-rule>
        <from-view-id>*</from-view-id>
        <navigation-case>
            <from-outcome>costsettings_detail</from-outcome>
            <to-view-id>/costsettings/Detail.jsp</to-view-id>
        </navigation-case>
    </navigation-rule>
    <managed-bean>
        <managed-bean-name>departments</managed-bean-name>
        <managed-bean-class>pack.DepartmentsController</managed-bean-class>
        <managed-bean-scope>session</managed-bean-scope>
    </managed-bean>
    <managed-bean>
        <managed-bean-name>departmentsJpa</managed-bean-name>
        <managed-bean-class>pack.DepartmentsFacade</managed-bean-class>
        <managed-bean-scope>session</managed-bean-scope>
    </managed-bean>
    <converter>
        <converter-for-class>pack.Departments</converter-for-class>
        <converter-class>pack.DepartmentsConverter</converter-class>
    </converter>
    <navigation-rule>
        <from-view-id>*</from-view-id>
        <navigation-case>
            <from-outcome>departments_create</from-outcome>
            <to-view-id>/departments/New.jsp</to-view-id>
        </navigation-case>
    </navigation-rule>
    <navigation-rule>
        <from-view-id>*</from-view-id>
        <navigation-case>
            <from-outcome>departments_list</from-outcome>
            <to-view-id>/departments/List.jsp</to-view-id>
        </navigation-case>
    </navigation-rule>
    <navigation-rule>
        <from-view-id>*</from-view-id>
        <navigation-case>
            <from-outcome>departments_edit</from-outcome>
            <to-view-id>/departments/Edit.jsp</to-view-id>
        </navigation-case>
    </navigation-rule>
    <navigation-rule>
        <from-view-id>*</from-view-id>
        <navigation-case>
            <from-outcome>departments_detail</from-outcome>
            <to-view-id>/departments/Detail.jsp</to-view-id>
        </navigation-case>
    </navigation-rule>
    <managed-bean>
        <managed-bean-name>divers</managed-bean-name>
        <managed-bean-class>pack.DiversController</managed-bean-class>
        <managed-bean-scope>session</managed-bean-scope>
    </managed-bean>
    <managed-bean>
        <managed-bean-name>diversJpa</managed-bean-name>
        <managed-bean-class>pack.DiversFacade</managed-bean-class>
        <managed-bean-scope>session</managed-bean-scope>
    </managed-bean>
    <converter>
        <converter-for-class>pack.Divers</converter-for-class>
        <converter-class>pack.DiversConverter</converter-class>
    </converter>
    <navigation-rule>
        <from-view-id>*</from-view-id>
        <navigation-case>
            <from-outcome>divers_create</from-outcome>
            <to-view-id>/divers/New.jsp</to-view-id>
        </navigation-case>
    </navigation-rule>
    <navigation-rule>
        <from-view-id>*</from-view-id>
        <navigation-case>
            <from-outcome>divers_list</from-outcome>
            <to-view-id>/divers/List.jsp</to-view-id>
        </navigation-case>
    </navigation-rule>
    <navigation-rule>
        <from-view-id>*</from-view-id>
        <navigation-case>
            <from-outcome>divers_edit</from-outcome>
            <to-view-id>/divers/Edit.jsp</to-view-id>
        </navigation-case>
    </navigation-rule>
    <navigation-rule>
        <from-view-id>*</from-view-id>
        <navigation-case>
            <from-outcome>divers_detail</from-outcome>
            <to-view-id>/divers/Detail.jsp</to-view-id>
        </navigation-case>
    </navigation-rule>
    <managed-bean>
        <managed-bean-name>driverAssign</managed-bean-name>
        <managed-bean-class>pack.DriverAssignController</managed-bean-class>
        <managed-bean-scope>session</managed-bean-scope>
    </managed-bean>
    <managed-bean>
        <managed-bean-name>driverAssignJpa</managed-bean-name>
        <managed-bean-class>pack.DriverAssignFacade</managed-bean-class>
        <managed-bean-scope>session</managed-bean-scope>
    </managed-bean>
    <converter>
        <converter-for-class>pack.DriverAssign</converter-for-class>
        <converter-class>pack.DriverAssignConverter</converter-class>
    </converter>
    <navigation-rule>
        <from-view-id>*</from-view-id>
        <navigation-case>
            <from-outcome>driverAssign_create</from-outcome>
            <to-view-id>/driverAssign/New.jsp</to-view-id>
        </navigation-case>
    </navigation-rule>
    <navigation-rule>
        <from-view-id>*</from-view-id>
        <navigation-case>
            <from-outcome>driverAssign_list</from-outcome>
            <to-view-id>/driverAssign/List.jsp</to-view-id>
        </navigation-case>
    </navigation-rule>
    <navigation-rule>
        <from-view-id>*</from-view-id>
        <navigation-case>
            <from-outcome>driverAssign_edit</from-outcome>
            <to-view-id>/driverAssign/Edit.jsp</to-view-id>
        </navigation-case>
    </navigation-rule>
    <navigation-rule>
        <from-view-id>*</from-view-id>
        <navigation-case>
            <from-outcome>driverAssign_detail</from-outcome>
            <to-view-id>/driverAssign/Detail.jsp</to-view-id>
        </navigation-case>
    </navigation-rule>
    <managed-bean>
        <managed-bean-name>levels</managed-bean-name>
        <managed-bean-class>pack.LevelsController</managed-bean-class>
        <managed-bean-scope>session</managed-bean-scope>
    </managed-bean>
    <managed-bean>
        <managed-bean-name>levelsJpa</managed-bean-name>
        <managed-bean-class>pack.LevelsFacade</managed-bean-class>
        <managed-bean-scope>session</managed-bean-scope>
    </managed-bean>
    <converter>
        <converter-for-class>pack.Levels</converter-for-class>
        <converter-class>pack.LevelsConverter</converter-class>
    </converter>
    <navigation-rule>
        <from-view-id>*</from-view-id>
        <navigation-case>
            <from-outcome>levels_create</from-outcome>
            <to-view-id>/levels/New.jsp</to-view-id>
        </navigation-case>
    </navigation-rule>
    <navigation-rule>
        <from-view-id>*</from-view-id>
        <navigation-case>
            <from-outcome>levels_list</from-outcome>
            <to-view-id>/levels/List.jsp</to-view-id>
        </navigation-case>
    </navigation-rule>
    <navigation-rule>
        <from-view-id>*</from-view-id>
        <navigation-case>
            <from-outcome>levels_edit</from-outcome>
            <to-view-id>/levels/Edit.jsp</to-view-id>
        </navigation-case>
    </navigation-rule>
    <navigation-rule>
        <from-view-id>*</from-view-id>
        <navigation-case>
            <from-outcome>levels_detail</from-outcome>
            <to-view-id>/levels/Detail.jsp</to-view-id>
        </navigation-case>
    </navigation-rule>
    <managed-bean>
        <managed-bean-name>logs</managed-bean-name>
        <managed-bean-class>pack.LogsController</managed-bean-class>
        <managed-bean-scope>session</managed-bean-scope>
    </managed-bean>
    <managed-bean>
        <managed-bean-name>logsJpa</managed-bean-name>
        <managed-bean-class>pack.LogsFacade</managed-bean-class>
        <managed-bean-scope>session</managed-bean-scope>
    </managed-bean>
    <converter>
        <converter-for-class>pack.Logs</converter-for-class>
        <converter-class>pack.LogsConverter</converter-class>
    </converter>
    <navigation-rule>
        <from-view-id>*</from-view-id>
        <navigation-case>
            <from-outcome>logs_create</from-outcome>
            <to-view-id>/logs/New.jsp</to-view-id>
        </navigation-case>
    </navigation-rule>
    <navigation-rule>
        <from-view-id>*</from-view-id>
        <navigation-case>
            <from-outcome>logs_list</from-outcome>
            <to-view-id>/logs/List.jsp</to-view-id>
        </navigation-case>
    </navigation-rule>
    <navigation-rule>
        <from-view-id>*</from-view-id>
        <navigation-case>
            <from-outcome>logs_edit</from-outcome>
            <to-view-id>/logs/Edit.jsp</to-view-id>
        </navigation-case>
    </navigation-rule>
    <navigation-rule>
        <from-view-id>*</from-view-id>
        <navigation-case>
            <from-outcome>logs_detail</from-outcome>
            <to-view-id>/logs/Detail.jsp</to-view-id>
        </navigation-case>
    </navigation-rule>
    <managed-bean>
        <managed-bean-name>milleage</managed-bean-name>
        <managed-bean-class>pack.MilleageController</managed-bean-class>
        <managed-bean-scope>session</managed-bean-scope>
    </managed-bean>
    <managed-bean>
        <managed-bean-name>milleageJpa</managed-bean-name>
        <managed-bean-class>pack.MilleageFacade</managed-bean-class>
        <managed-bean-scope>session</managed-bean-scope>
    </managed-bean>
    <converter>
        <converter-for-class>pack.Milleage</converter-for-class>
        <converter-class>pack.MilleageConverter</converter-class>
    </converter>
    <navigation-rule>
        <from-view-id>*</from-view-id>
        <navigation-case>
            <from-outcome>milleage_create</from-outcome>
            <to-view-id>/milleage/New.jsp</to-view-id>
        </navigation-case>
    </navigation-rule>
    <navigation-rule>
        <from-view-id>*</from-view-id>
        <navigation-case>
            <from-outcome>milleage_list</from-outcome>
            <to-view-id>/milleage/List.jsp</to-view-id>
        </navigation-case>
    </navigation-rule>
    <navigation-rule>
        <from-view-id>*</from-view-id>
        <navigation-case>
            <from-outcome>milleage_edit</from-outcome>
            <to-view-id>/milleage/Edit.jsp</to-view-id>
        </navigation-case>
    </navigation-rule>
    <navigation-rule>
        <from-view-id>*</from-view-id>
        <navigation-case>
            <from-outcome>milleage_detail</from-outcome>
            <to-view-id>/milleage/Detail.jsp</to-view-id>
        </navigation-case>
    </navigation-rule>
    <managed-bean>
        <managed-bean-name>sequence</managed-bean-name>
        <managed-bean-class>pack.SequenceController</managed-bean-class>
        <managed-bean-scope>session</managed-bean-scope>
    </managed-bean>
    <managed-bean>
        <managed-bean-name>sequenceJpa</managed-bean-name>
        <managed-bean-class>pack.SequenceFacade</managed-bean-class>
        <managed-bean-scope>session</managed-bean-scope>
    </managed-bean>
    <converter>
        <converter-for-class>pack.Sequence</converter-for-class>
        <converter-class>pack.SequenceConverter</converter-class>
    </converter>
    <navigation-rule>
        <from-view-id>*</from-view-id>
        <navigation-case>
            <from-outcome>sequence_create</from-outcome>
            <to-view-id>/sequence/New.jsp</to-view-id>
        </navigation-case>
    </navigation-rule>
    <navigation-rule>
        <from-view-id>*</from-view-id>
        <navigation-case>
            <from-outcome>sequence_list</from-outcome>
            <to-view-id>/sequence/List.jsp</to-view-id>
        </navigation-case>
    </navigation-rule>
    <navigation-rule>
        <from-view-id>*</from-view-id>
        <navigation-case>
            <from-outcome>sequence_edit</from-outcome>
            <to-view-id>/sequence/Edit.jsp</to-view-id>
        </navigation-case>
    </navigation-rule>
    <navigation-rule>
        <from-view-id>*</from-view-id>
        <navigation-case>
            <from-outcome>sequence_detail</from-outcome>
            <to-view-id>/sequence/Detail.jsp</to-view-id>
        </navigation-case>
    </navigation-rule>
    <managed-bean>
        <managed-bean-name>staffs</managed-bean-name>
        <managed-bean-class>pack.StaffsController</managed-bean-class>
        <managed-bean-scope>session</managed-bean-scope>
    </managed-bean>
    <managed-bean>
        <managed-bean-name>staffsJpa</managed-bean-name>
        <managed-bean-class>pack.StaffsFacade</managed-bean-class>
        <managed-bean-scope>session</managed-bean-scope>
    </managed-bean>
    <converter>
        <converter-for-class>pack.Staffs</converter-for-class>
        <converter-class>pack.StaffsConverter</converter-class>
    </converter>
    <navigation-rule>
        <from-view-id>*</from-view-id>
        <navigation-case>
            <from-outcome>staffs_create</from-outcome>
            <to-view-id>/staffs/New.jsp</to-view-id>
        </navigation-case>
    </navigation-rule>
    <navigation-rule>
        <from-view-id>*</from-view-id>
        <navigation-case>
            <from-outcome>staffs_list</from-outcome>
            <to-view-id>/staffs/List.jsp</to-view-id>
        </navigation-case>
    </navigation-rule>
    <navigation-rule>
        <from-view-id>*</from-view-id>
        <navigation-case>
            <from-outcome>staffs_edit</from-outcome>
            <to-view-id>/staffs/Edit.jsp</to-view-id>
        </navigation-case>
    </navigation-rule>
    <navigation-rule>
        <from-view-id>*</from-view-id>
        <navigation-case>
            <from-outcome>staffs_detail</from-outcome>
            <to-view-id>/staffs/Detail.jsp</to-view-id>
        </navigation-case>
    </navigation-rule>
    <managed-bean>
        <managed-bean-name>status</managed-bean-name>
        <managed-bean-class>pack.StatusController</managed-bean-class>
        <managed-bean-scope>session</managed-bean-scope>
    </managed-bean>
    <managed-bean>
        <managed-bean-name>statusJpa</managed-bean-name>
        <managed-bean-class>pack.StatusFacade</managed-bean-class>
        <managed-bean-scope>session</managed-bean-scope>
    </managed-bean>
    <converter>
        <converter-for-class>pack.Status</converter-for-class>
        <converter-class>pack.StatusConverter</converter-class>
    </converter>
    <navigation-rule>
        <from-view-id>*</from-view-id>
        <navigation-case>
            <from-outcome>status_create</from-outcome>
            <to-view-id>/status/New.jsp</to-view-id>
        </navigation-case>
    </navigation-rule>
    <navigation-rule>
        <from-view-id>*</from-view-id>
        <navigation-case>
            <from-outcome>status_list</from-outcome>
            <to-view-id>/status/List.jsp</to-view-id>
        </navigation-case>
    </navigation-rule>
    <navigation-rule>
        <from-view-id>*</from-view-id>
        <navigation-case>
            <from-outcome>status_edit</from-outcome>
            <to-view-id>/status/Edit.jsp</to-view-id>
        </navigation-case>
    </navigation-rule>
    <navigation-rule>
        <from-view-id>*</from-view-id>
        <navigation-case>
            <from-outcome>status_detail</from-outcome>
            <to-view-id>/status/Detail.jsp</to-view-id>
        </navigation-case>
    </navigation-rule>
    <managed-bean>
        <managed-bean-name>titles</managed-bean-name>
        <managed-bean-class>pack.TitlesController</managed-bean-class>
        <managed-bean-scope>session</managed-bean-scope>
    </managed-bean>
    <managed-bean>
        <managed-bean-name>titlesJpa</managed-bean-name>
        <managed-bean-class>pack.TitlesFacade</managed-bean-class>
        <managed-bean-scope>session</managed-bean-scope>
    </managed-bean>
    <converter>
        <converter-for-class>pack.Titles</converter-for-class>
        <converter-class>pack.TitlesConverter</converter-class>
    </converter>
    <navigation-rule>
        <from-view-id>*</from-view-id>
        <navigation-case>
            <from-outcome>titles_create</from-outcome>
            <to-view-id>/titles/New.jsp</to-view-id>
        </navigation-case>
    </navigation-rule>
    <navigation-rule>
        <from-view-id>*</from-view-id>
        <navigation-case>
            <from-outcome>titles_list</from-outcome>
            <to-view-id>/titles/List.jsp</to-view-id>
        </navigation-case>
    </navigation-rule>
    <navigation-rule>
        <from-view-id>*</from-view-id>
        <navigation-case>
            <from-outcome>titles_edit</from-outcome>
            <to-view-id>/titles/Edit.jsp</to-view-id>
        </navigation-case>
    </navigation-rule>
    <navigation-rule>
        <from-view-id>*</from-view-id>
        <navigation-case>
            <from-outcome>titles_detail</from-outcome>
            <to-view-id>/titles/Detail.jsp</to-view-id>
        </navigation-case>
    </navigation-rule>
    <managed-bean>
        <managed-bean-name>trip</managed-bean-name>
        <managed-bean-class>pack.TripController</managed-bean-class>
        <managed-bean-scope>session</managed-bean-scope>
    </managed-bean>
    <managed-bean>
        <managed-bean-name>tripJpa</managed-bean-name>
        <managed-bean-class>pack.TripFacade</managed-bean-class>
        <managed-bean-scope>session</managed-bean-scope>
    </managed-bean>
    <converter>
        <converter-for-class>pack.Trip</converter-for-class>
        <converter-class>pack.TripConverter</converter-class>
    </converter>
    <navigation-rule>
        <from-view-id>*</from-view-id>
        <navigation-case>
            <from-outcome>trip_create</from-outcome>
            <to-view-id>/trip/New.jsp</to-view-id>
        </navigation-case>
    </navigation-rule>
    <navigation-rule>
        <from-view-id>*</from-view-id>
        <navigation-case>
            <from-outcome>trip_list</from-outcome>
            <to-view-id>/trip/List.jsp</to-view-id>
        </navigation-case>
    </navigation-rule>
    <navigation-rule>
        <from-view-id>*</from-view-id>
        <navigation-case>
            <from-outcome>trip_edit</from-outcome>
            <to-view-id>/trip/Edit.jsp</to-view-id>
        </navigation-case>
    </navigation-rule>
    <navigation-rule>
        <from-view-id>*</from-view-id>
        <navigation-case>
            <from-outcome>trip_detail</from-outcome>
            <to-view-id>/trip/Detail.jsp</to-view-id>
        </navigation-case>
    </navigation-rule>
    <managed-bean>
        <managed-bean-name>typeOfTransport</managed-bean-name>
        <managed-bean-class>pack.TypeOfTransportController</managed-bean-class>
        <managed-bean-scope>session</managed-bean-scope>
    </managed-bean>
    <managed-bean>
        <managed-bean-name>typeOfTransportJpa</managed-bean-name>
        <managed-bean-class>pack.TypeOfTransportFacade</managed-bean-class>
        <managed-bean-scope>session</managed-bean-scope>
    </managed-bean>
    <converter>
        <converter-for-class>pack.TypeOfTransport</converter-for-class>
        <converter-class>pack.TypeOfTransportConverter</converter-class>
    </converter>
    <navigation-rule>
        <from-view-id>*</from-view-id>
        <navigation-case>
            <from-outcome>typeOfTransport_create</from-outcome>
            <to-view-id>/typeOfTransport/New.jsp</to-view-id>
        </navigation-case>
    </navigation-rule>
    <navigation-rule>
        <from-view-id>*</from-view-id>
        <navigation-case>
            <from-outcome>typeOfTransport_list</from-outcome>
            <to-view-id>/typeOfTransport/List.jsp</to-view-id>
        </navigation-case>
    </navigation-rule>
    <navigation-rule>
        <from-view-id>*</from-view-id>
        <navigation-case>
            <from-outcome>typeOfTransport_edit</from-outcome>
            <to-view-id>/typeOfTransport/Edit.jsp</to-view-id>
        </navigation-case>
    </navigation-rule>
    <navigation-rule>
        <from-view-id>*</from-view-id>
        <navigation-case>
            <from-outcome>typeOfTransport_detail</from-outcome>
            <to-view-id>/typeOfTransport/Detail.jsp</to-view-id>
        </navigation-case>
    </navigation-rule>
</faces-config>
